question_id,problem_text,answer,solution_text,code,difficulty,solutiontextexpanded,skills_for_steps
A6,Найдите значение выражения $1 \frac{1}{12}:\left(1 \frac{13}{18}-2 \frac{5}{9}\right)$,"$-1,3$","Шаг 1. Преобразуем смешанные числа в неправильные дроби:  
\[
1\frac{1}{12}=\frac{13}{12},\quad
1\frac{13}{18}=\frac{31}{18},\quad
2\frac{5}{9}=\frac{23}{9}.
\]  
Шаг 2. Вычислим разность внутри скобок:  
\[
\frac{31}{18}-\frac{23}{9}
=\frac{31}{18}-\frac{46}{18}
=-\frac{15}{18}
=-\frac{5}{6}.
\]  
Шаг 3. Выполним деление и переведём результат в десятичную дробь:  
\[
\frac{13}{12}:\Bigl(-\frac{5}{6}\Bigr)
=\frac{13}{12}\cdot\Bigl(-\frac{6}{5}\Bigr)
=-\frac{78}{60}
=-\frac{13}{10}
=-1{,}3.
\]  
Ответ: \(-1{,}3\).",1.3,2,"Шаг 1. В смешанном числе, например \(a\frac{b}{c}\), целую часть \(a\) переводят в дробную, умножив её на знаменатель \(c\), и прибавляют к числителю \(b\). Получившуюся сумму ставят в числитель, а знаменатель остаётся \(c\). Так:  
- \(1\frac{1}{12}=\frac{1\cdot12+1}{12}=\frac{13}{12}\),  
- \(1\frac{13}{18}=\frac{1\cdot18+13}{18}=\frac{31}{18}\),  
- \(2\frac{5}{9}=\frac{2\cdot9+5}{9}=\frac{23}{9}\).  

Шаг 2. Чтобы вычесть две дроби с разными знаменателями, приводим их к общему знаменателю. У дробей \(\frac{31}{18}\) и \(\frac{23}{9}\) общий знаменатель 18. Переводим вторую дробь: \(\frac{23}{9}=\frac{23\cdot2}{9\cdot2}=\frac{46}{18}\). Теперь вычитаем числители и сохраняем знаменатель:  
\[
\frac{31}{18}-\frac{46}{18}=\frac{31-46}{18}=-\frac{15}{18}.
\]  
Далее сокращаем дробь, деля числитель и знаменатель на их НОД \(3\): \(-\tfrac{15}{18}=-\tfrac{5}{6}\).  

Шаг 3. Деление дробей выполняется умножением на обратную дробь. Делим \(\frac{13}{12}\) на \(-\frac{5}{6}\), значит умножаем на \(-\frac{6}{5}\):  
\[
\frac{13}{12}\cdot\Bigl(-\frac{6}{5}\Bigr)
=-\frac{13\cdot6}{12\cdot5}
=-\frac{78}{60}.
\]  
Сокращаем дробь, разделив числитель и знаменатель на 6: \(-\tfrac{78}{60}=-\tfrac{13}{10}\). Чтобы получить десятичную дробь, делим 13 на 10: \(-\tfrac{13}{10}=-1{,}3\).","Шаг 1: [Навык 14],  
Шаг 2: [Навык 15],  
Шаг 3: [Навык 15, Навык 6]"
A7,"На координатной прямой отмечены точки $A, B, C$, и $D$. Одна из них соответствует данному числу $\frac{116}{15}$. Какая это точка?\\
\includegraphics[max width=\textwidth, center]{2025_05_06_03613e5bc72212abe9beg-2}

\begin{enumerate}
  \item $A$
  \item $B$
  \item $C$
  \item $D$
\end{enumerate}",4,"Шаг 1. Вычислим число \(\frac{116}{15}\) в виде десятичной дроби:
\[
\frac{116}{15}=7{,}7333\ldots
\]
Шаг 2. Поскольку \(7<7{,}7333<8\), искомая точка на числовой прямой лежит между отметками 7 и 8.
Шаг 3. Из точек, отмеченных между 7 и 8, точка \(D\) расположена ближе всего к значению \(7{,}7333\). Следовательно, ответ: \(D\).",6.1,1,"Шаг 1. Мы имеем обыкновенную дробь \(\frac{116}{15}\). Чтобы перевести её в десятичную дробь, надо разделить числитель на знаменатель:
- Напомним, что деление — это арифметическое действие, при котором мы находим, сколько раз одно число содержится в другом.
- Делим \(116\) на \(15\): \(15\) входит в \(116\) \(7\) раз (\(7\times15=105\)), остаток \(11\).
- Продолжаем деление в дробной части: к остатку \(11\) приписываем ноль и делим \(110\) на \(15\), получаем \(7\) (\(7\times15=105\)), остаток \(5\). И так далее.
В результате получаем бесконечную периодическую десятичную дробь \(7{,}7333\ldots\).

Шаг 2. Теперь сравниваем полученное значение с целыми числами:
- Отметка \(7\) соответствует числу \(7{,}0000\ldots\).
- Отметка \(8\) соответствует числу \(8{,}0000\ldots\).
- Поскольку \(7 < 7{,}7333\ldots < 8\), точка с координатой \(\tfrac{116}{15}\) должна лежать строго между метками \(7\) и \(8\).

Шаг 3. На рисунке между отметками \(7\) и \(8\) показаны точки \(C\) и \(D\):
- Точка \(C\) находится совсем рядом с отметкой \(7\), примерно около \(7{,}1\).
- Точка \(D\) находится ближе к отметке \(8\), примерно около \(7{,}7\).
Число \(7{,}7333\ldots\) ближе к \(7{,}7\), чем к \(7{,}1\), поэтому искомая точка — \(D\).","Шаг 1: [15]  
Шаг 2: [12, 13]  
Шаг 3: [103]"
